title,date,category
Study of Ambient Air Quality at Silverdale 15 January 2019 and 25 June 2019 - Version 2,January 2019,Final Report
Study of Ambient Air Quality at Silverdale Road 6 July 2017 to 14 February 2018 - Version 1,July 2017,Final Report
Study of Ambient Air Quality at Silverdale Road 6 July 2017 to 14 February 2018 - Version 2,July 2017,Final Report
UKHSA Health Risk Assessment March 2025,March 2025,Health Risk Assessment
"Study of Ambient Air Quality at Silverdale, Interim Report 2 - 4 March 21 to 31 May 2022",May 2022,Interim Report
Monthly Air Quality Report - April 2021,April 2021,Monthly Report
Monthly Air Quality Report - April 2022,April 2022,Monthly Report
Monthly Air Quality Report - April 2023,April 2023,Monthly Report
Monthly Air Quality Report - April 2024,April 2024,Monthly Report
Monthly Air Quality Report - August 2021,August 2021,Monthly Report
Monthly Air Quality Report - August 2022,August 2022,Monthly Report
Monthly Air Quality Report - August 2023,August 2023,Monthly Report
Monthly Air Quality Report - August 2024,August 2024,Monthly Report
Monthly Air Quality Report - December 2021,December 2021,Monthly Report
Monthly Air Quality Report - December 2022,December 2022,Monthly Report
Monthly Air Quality Report - December 2023,December 2023,Monthly Report
Monthly Air Quality Report - December 2024,December 2024,Monthly Report
Monthly Air Quality Report - February 2018,February 2018,Monthly Report
Monthly Air Quality Report - February 2022,February 2022,Monthly Report
Monthly Air Quality Report - February 2023,February 2023,Monthly Report
Monthly Air Quality Report - February 2024,February 2024,Monthly Report
Monthly Air Quality Report - February 2025,February 2025,Monthly Report
Monthly Air Quality Report - January 2019,January 2019,Monthly Report
Monthly Air Quality Report - January 2022,January 2022,Monthly Report
Monthly Air Quality Report - January 2023,January 2023,Monthly Report
Monthly Air Quality Report - January 2024,January 2024,Monthly Report
Monthly Air Quality Report - January 2025,January 2025,Monthly Report
Monthly Air Quality Report - July 2017,July 2017,Monthly Report
Monthly Air Quality Report - July 2021,July 2021,Monthly Report
Monthly Air Quality Report - July 2022,July 2022,Monthly Report
Monthly Air Quality Report - July 2023,July 2023,Monthly Report
Monthly Air Quality Report - July 2024,July 2024,Monthly Report
Monthly Air Quality Report - June 2019,June 2019,Monthly Report
Monthly Air Quality Report - June 2021,June 2021,Monthly Report
Monthly Air Quality Report - June 2022,June 2022,Monthly Report
Monthly Air Quality Report - June 2023,June 2023,Monthly Report
Monthly Air Quality Report - June 2024,June 2024,Monthly Report
Monthly Air Quality Report - March 2021,March 2021,Monthly Report
Monthly Air Quality Report - March 2022,March 2022,Monthly Report
Monthly Air Quality Report - March 2023,March 2023,Monthly Report
Monthly Air Quality Report - March 2024,March 2024,Monthly Report
Monthly Air Quality Report - May 2021,May 2021,Monthly Report
Monthly Air Quality Report - May 2022,May 2022,Monthly Report
Monthly Air Quality Report - May 2023,May 2023,Monthly Report
Monthly Air Quality Report - May 2024,May 2024,Monthly Report
Monthly Air Quality Report - November 2021,November 2021,Monthly Report
Monthly Air Quality Report - November 2022,November 2022,Monthly Report
Monthly Air Quality Report - November 2023,November 2023,Monthly Report
Monthly Air Quality Report - November 2024,November 2024,Monthly Report
Monthly Air Quality Report - October 2021,October 2021,Monthly Report
Monthly Air Quality Report - October 2022,October 2022,Monthly Report
Monthly Air Quality Report - October 2023,October 2023,Monthly Report
Monthly Air Quality Report - October 2024,October 2024,Monthly Report
Monthly Air Quality Report - September 2021,September 2021,Monthly Report
Monthly Air Quality Report - September 2022,September 2022,Monthly Report
Monthly Air Quality Report - September 2023,September 2023,Monthly Report
Monthly Air Quality Report - September 2024,September 2024,Monthly Report
"Comparisons of Ambient Air Quality Data at MMF9 Galingale View, Silverdale",,Other
Diffusion Tube Report - 14 April 2022 - 14 July 2022,April 2022,Task Specific Analysis
